<?xml version="1.0" encoding="UTF-8"?>
<metadata xml:lang="en"><Esri><CreaDate>20120614</CreaDate><CreaTime>16344000</CreaTime><SyncOnce>FALSE</SyncOnce><DataProperties><lineage><Process ToolSource="C:\Program Files\ArcGIS\ArcToolbox\Toolboxes\Data Management Tools.tbx\Project" Date="20101208" Time="150758">Project B118v3NAD27UTM10 "C:\Documents and Settings\bwyckoff\My Documents\B118repojectionNad83\B118v3NAD83unprojected.shp" GEOGCS['GCS_North_American_1983',DATUM['D_North_American_1983',SPHEROID['GRS_1980',6378137.0,298.257222101]],PRIMEM['Greenwich',0.0],UNIT['Degree',0.0174532925199433]] NAD_1927_To_NAD_1983_NADCON PROJCS['NAD_1927_UTM_Zone_10N',GEOGCS['GCS_North_American_1927',DATUM['D_North_American_1927',SPHEROID['Clarke_1866',6378206.4,294.9786982]],PRIMEM['Greenwich',0.0],UNIT['Degree',0.0174532925199433]],PROJECTION['Transverse_Mercator'],PARAMETER['False_Easting',500000.0],PARAMETER['False_Northing',0.0],PARAMETER['Central_Meridian',-123.0],PARAMETER['Scale_Factor',0.9996],PARAMETER['Latitude_Of_Origin',0.0],UNIT['Meter',1.0]]</Process><Process ToolSource="C:\Program Files\ArcGIS\ArcToolbox\Toolboxes\Data Management Tools.tbx\CopyFeatures" Date="20110216" Time="124505">CopyFeatures \\Pcdistfs1\cdgis\PROJECTS\GeologyGroundwaterInvestigations\GGI_CASGEM\DATA_GIS\CASGEM_Personal_Geodatabase.mdb\B118_BasinBoundaries_v40 \\Pcdistfs1\cdgis\PROJECTS\GeologyGroundwaterInvestigations\GGI_CASGEM\DATA_GIS\CASGEM.gdb\B118_BasinBoundaries_v40 # 0 0 0</Process><Process ToolSource="C:\Program Files\ArcGIS\ArcToolbox\Toolboxes\Conversion Tools.tbx\FeatureClassToFeatureClass" Date="20110217" Time="100643">FeatureClassToFeatureClass \\Pcdistfs1\cdgis\PROJECTS\GeologyGroundwaterInvestigations\GGI_CASGEM\DATA_GIS\CASGEM.gdb\B118_BasinBoundaries_v40 \\Pcdistfs1\cdgis\PROJECTS\GeologyGroundwaterInvestigations\B118_SHARE\DATA_GIS\B118_Geodatabase.gdb\B118_Basins_v4 B118_BasinBoundaries_v4 # "DWR_ 'DWR_' true true false 12 Text 0 0 ,First,#,\\Pcdistfs1\cdgis\PROJECTS\GeologyGroundwaterInvestigations\GGI_CASGEM\DATA_GIS\CASGEM.gdb\B118_BasinBoundaries_v40,DWR_,-1,-1;SUBBSN_ 'SUBBSN_' true true false 12 Text 0 0 ,First,#,\\Pcdistfs1\cdgis\PROJECTS\GeologyGroundwaterInvestigations\GGI_CASGEM\DATA_GIS\CASGEM.gdb\B118_BasinBoundaries_v40,SUBBSN_,-1,-1;BAS_SBBSN 'BAS_SBBSN' true true false 254 Text 0 0 ,First,#,\\Pcdistfs1\cdgis\PROJECTS\GeologyGroundwaterInvestigations\GGI_CASGEM\DATA_GIS\CASGEM.gdb\B118_BasinBoundaries_v40,BAS_SBBSN,-1,-1;GWBASIN 'GWBASIN' true true false 40 Text 0 0 ,First,#,\\Pcdistfs1\cdgis\PROJECTS\GeologyGroundwaterInvestigations\GGI_CASGEM\DATA_GIS\CASGEM.gdb\B118_BasinBoundaries_v40,GWBASIN,-1,-1;SUBNAME 'SUBNAME' true true false 40 Text 0 0 ,First,#,\\Pcdistfs1\cdgis\PROJECTS\GeologyGroundwaterInvestigations\GGI_CASGEM\DATA_GIS\CASGEM.gdb\B118_BasinBoundaries_v40,SUBNAME,-1,-1;ACRES 'ACRES' true true false 8 Double 0 0 ,First,#,\\Pcdistfs1\cdgis\PROJECTS\GeologyGroundwaterInvestigations\GGI_CASGEM\DATA_GIS\CASGEM.gdb\B118_BasinBoundaries_v40,ACRES,-1,-1;BUDGET_TYP 'BUDGET_TYP' true true false 50 Text 0 0 ,First,#,\\Pcdistfs1\cdgis\PROJECTS\GeologyGroundwaterInvestigations\GGI_CASGEM\DATA_GIS\CASGEM.gdb\B118_BasinBoundaries_v40,BUDGET_TYP,-1,-1;Regional_Office 'Regional_Office' true true false 2 Short 0 0 ,First,#,\\Pcdistfs1\cdgis\PROJECTS\GeologyGroundwaterInvestigations\GGI_CASGEM\DATA_GIS\CASGEM.gdb\B118_BasinBoundaries_v40,Regional_Office,-1,-1;Shape_Length 'Shape_Length' false true true 8 Double 0 0 ,First,#,\\Pcdistfs1\cdgis\PROJECTS\GeologyGroundwaterInvestigations\GGI_CASGEM\DATA_GIS\CASGEM.gdb\B118_BasinBoundaries_v40,Shape_Length,-1,-1;Shape_Area 'Shape_Area' false true true 8 Double 0 0 ,First,#,\\Pcdistfs1\cdgis\PROJECTS\GeologyGroundwaterInvestigations\GGI_CASGEM\DATA_GIS\CASGEM.gdb\B118_BasinBoundaries_v40,Shape_Area,-1,-1" # \\Pcdistfs1\cdgis\PROJECTS\GeologyGroundwaterInvestigations\B118_SHARE\DATA_GIS\B118_Geodatabase.gdb\B118_Basins_v4\B118_BasinBoundaries_v4</Process><Process Name="Select Layer By Location" ToolSource="C:\Program Files\ArcGIS\ArcToolbox\Toolboxes\Data Management Tools.tbx\SelectLayerByLocation" Date="20120419" Time="180914">SelectLayerByLocation B118_BasinBoundaries_v40 INTERSECT temp_BasinSelectionSet # NEW_SELECTION B118_BasinBoundaries_v40</Process><Process Name="Select Layer By Location" ToolSource="C:\Program Files\ArcGIS\ArcToolbox\Toolboxes\Data Management Tools.tbx\SelectLayerByLocation" Date="20120419" Time="182521">SelectLayerByLocation B118_BasinBoundaries_v40 INTERSECT temp_BasinSelectionSet # NEW_SELECTION B118_BasinBoundaries_v40</Process><Process Name="Select Layer By Location" ToolSource="C:\Program Files\ArcGIS\ArcToolbox\Toolboxes\Data Management Tools.tbx\SelectLayerByLocation" Date="20120419" Time="184617">SelectLayerByLocation B118_BasinBoundaries_v40 INTERSECT temp_BasinSelectionSet # NEW_SELECTION B118_BasinBoundaries_v40</Process><Process Name="Select Layer By Location" ToolSource="C:\Program Files\ArcGIS\ArcToolbox\Toolboxes\Data Management Tools.tbx\SelectLayerByLocation" Date="20120419" Time="185510">SelectLayerByLocation B118_BasinBoundaries_v40 INTERSECT temp_BasinSelectionSet # NEW_SELECTION B118_BasinBoundaries_v40</Process><Process Name="Select Layer By Location" ToolSource="C:\Program Files\ArcGIS\ArcToolbox\Toolboxes\Data Management Tools.tbx\SelectLayerByLocation" Date="20120420" Time="121851">SelectLayerByLocation B118_BasinBoundaries_v4 INTERSECT temp_BasinSelectionSet # NEW_SELECTION B118_BasinBoundaries_v4</Process><Process Name="Select Layer By Location" ToolSource="C:\Program Files\ArcGIS\ArcToolbox\Toolboxes\Data Management Tools.tbx\SelectLayerByLocation" Date="20120420" Time="124033">SelectLayerByLocation B118_BasinBoundaries_v4 INTERSECT temp_BasinSelectionSet # NEW_SELECTION B118_BasinBoundaries_v4</Process><Process Name="Select Layer By Location" ToolSource="C:\Program Files\ArcGIS\ArcToolbox\Toolboxes\Data Management Tools.tbx\SelectLayerByLocation" Date="20120420" Time="132414">SelectLayerByLocation B118_BasinBoundaries_v4 INTERSECT temp_BasinSelectionSet # NEW_SELECTION B118_BasinBoundaries_v4</Process><Process Name="Select Layer By Location" ToolSource="C:\Program Files\ArcGIS\ArcToolbox\Toolboxes\Data Management Tools.tbx\SelectLayerByLocation" Date="20120420" Time="161939">SelectLayerByLocation B118_BasinBoundaries_v4 INTERSECT temp_BasinSelectionSet # NEW_SELECTION B118_BasinBoundaries_v4</Process><Process Name="Select Layer By Location" ToolSource="C:\Program Files\ArcGIS\ArcToolbox\Toolboxes\Data Management Tools.tbx\SelectLayerByLocation" Date="20120420" Time="163036">SelectLayerByLocation B118_BasinBoundaries_v4 INTERSECT temp_BasinSelectionSet # NEW_SELECTION B118_BasinBoundaries_v4</Process><Process Name="Select Layer By Location" ToolSource="C:\Program Files\ArcGIS\ArcToolbox\Toolboxes\Data Management Tools.tbx\SelectLayerByLocation" Date="20120420" Time="165325">SelectLayerByLocation B118_BasinBoundaries_v4 INTERSECT temp_BasinSelectionSet # NEW_SELECTION B118_BasinBoundaries_v4</Process><Process Name="Select Layer By Location" ToolSource="C:\Program Files\ArcGIS\ArcToolbox\Toolboxes\Data Management Tools.tbx\SelectLayerByLocation" Date="20120423" Time="100959">SelectLayerByLocation B118_BasinBoundaries_v4 INTERSECT temp_BasinSelectionSet # NEW_SELECTION B118_BasinBoundaries_v4</Process><Process Name="Select Layer By Location" ToolSource="C:\Program Files\ArcGIS\ArcToolbox\Toolboxes\Data Management Tools.tbx\SelectLayerByLocation" Date="20120423" Time="110722">SelectLayerByLocation BoundaryFiles\B118_BasinBoundaries_v4 INTERSECT temp_BasinSelectionSet # NEW_SELECTION BoundaryFiles\B118_BasinBoundaries_v4</Process><Process Name="Select Layer By Location" ToolSource="C:\Program Files\ArcGIS\ArcToolbox\Toolboxes\Data Management Tools.tbx\SelectLayerByLocation" Date="20120423" Time="111411">SelectLayerByLocation BoundaryFiles\B118_BasinBoundaries_v4 INTERSECT temp_BasinSelectionSet # NEW_SELECTION BoundaryFiles\B118_BasinBoundaries_v4</Process><Process Name="Select Layer By Location" ToolSource="C:\Program Files\ArcGIS\ArcToolbox\Toolboxes\Data Management Tools.tbx\SelectLayerByLocation" Date="20120423" Time="113751">SelectLayerByLocation BoundaryFiles\B118_BasinBoundaries_v4 INTERSECT temp_BasinSelectionSet # NEW_SELECTION BoundaryFiles\B118_BasinBoundaries_v4</Process><Process Name="Select Layer By Location" ToolSource="C:\Program Files\ArcGIS\ArcToolbox\Toolboxes\Data Management Tools.tbx\SelectLayerByLocation" Date="20120423" Time="115003">SelectLayerByLocation BoundaryFiles\B118_BasinBoundaries_v4 INTERSECT temp_BasinSelectionSet # NEW_SELECTION BoundaryFiles\B118_BasinBoundaries_v4</Process><Process Name="Select Layer By Location" ToolSource="C:\Program Files\ArcGIS\ArcToolbox\Toolboxes\Data Management Tools.tbx\SelectLayerByLocation" Date="20120423" Time="123220">SelectLayerByLocation BoundaryFiles\B118_BasinBoundaries_v4 INTERSECT temp_BasinSelectionSet # NEW_SELECTION BoundaryFiles\B118_BasinBoundaries_v4</Process><Process Name="Select Layer By Location" ToolSource="C:\Program Files\ArcGIS\ArcToolbox\Toolboxes\Data Management Tools.tbx\SelectLayerByLocation" Date="20120423" Time="124907">SelectLayerByLocation BoundaryFiles\B118_BasinBoundaries_v4 INTERSECT temp_BasinSelectionSet # NEW_SELECTION BoundaryFiles\B118_BasinBoundaries_v4</Process><Process Name="Select Layer By Location" ToolSource="C:\Program Files\ArcGIS\ArcToolbox\Toolboxes\Data Management Tools.tbx\SelectLayerByLocation" Date="20120423" Time="145401">SelectLayerByLocation BoundaryFiles\B118_BasinBoundaries_v4 INTERSECT temp_BasinSelectionSet # NEW_SELECTION BoundaryFiles\B118_BasinBoundaries_v4</Process><Process Name="Select Layer By Location" ToolSource="C:\Program Files\ArcGIS\ArcToolbox\Toolboxes\Data Management Tools.tbx\SelectLayerByLocation" Date="20120423" Time="151417">SelectLayerByLocation BoundaryFiles\B118_BasinBoundaries_v4 INTERSECT temp_BasinSelectionSet # NEW_SELECTION BoundaryFiles\B118_BasinBoundaries_v4</Process><Process Name="Select Layer By Location" ToolSource="C:\Program Files\ArcGIS\ArcToolbox\Toolboxes\Data Management Tools.tbx\SelectLayerByLocation" Date="20120424" Time="104001">SelectLayerByLocation BoundaryFiles\B118_BasinBoundaries_v4 INTERSECT temp_BasinSelectionSet # NEW_SELECTION BoundaryFiles\B118_BasinBoundaries_v4</Process><Process Name="Select Layer By Location" ToolSource="C:\Program Files\ArcGIS\ArcToolbox\Toolboxes\Data Management Tools.tbx\SelectLayerByLocation" Date="20120424" Time="112812">SelectLayerByLocation BoundaryFiles\B118_BasinBoundaries_v4 INTERSECT temp_BasinSelectionSet # NEW_SELECTION BoundaryFiles\B118_BasinBoundaries_v4</Process><Process Name="Select Layer By Location" ToolSource="C:\Program Files\ArcGIS\ArcToolbox\Toolboxes\Data Management Tools.tbx\SelectLayerByLocation" Date="20120424" Time="120635">SelectLayerByLocation BoundaryFiles\B118_BasinBoundaries_v4 INTERSECT temp_BasinSelectionSet # NEW_SELECTION BoundaryFiles\B118_BasinBoundaries_v4</Process><Process Name="Select Layer By Location" ToolSource="C:\Program Files\ArcGIS\ArcToolbox\Toolboxes\Data Management Tools.tbx\SelectLayerByLocation" Date="20120424" Time="123640">SelectLayerByLocation BoundaryFiles\B118_BasinBoundaries_v4 INTERSECT temp_BasinSelectionSet # NEW_SELECTION BoundaryFiles\B118_BasinBoundaries_v4</Process><Process Name="Select Layer By Location" ToolSource="C:\Program Files\ArcGIS\ArcToolbox\Toolboxes\Data Management Tools.tbx\SelectLayerByLocation" Date="20120424" Time="133512">SelectLayerByLocation BoundaryFiles\B118_BasinBoundaries_v4 INTERSECT temp_BasinSelectionSet # NEW_SELECTION BoundaryFiles\B118_BasinBoundaries_v4</Process><Process Name="Select Layer By Location" ToolSource="C:\Program Files\ArcGIS\ArcToolbox\Toolboxes\Data Management Tools.tbx\SelectLayerByLocation" Date="20120424" Time="145305">SelectLayerByLocation BoundaryFiles\B118_BasinBoundaries_v4 INTERSECT temp_BasinSelectionSet # NEW_SELECTION BoundaryFiles\B118_BasinBoundaries_v4</Process><Process Name="Select Layer By Location" ToolSource="C:\Program Files\ArcGIS\ArcToolbox\Toolboxes\Data Management Tools.tbx\SelectLayerByLocation" Date="20120424" Time="150437">SelectLayerByLocation BoundaryFiles\B118_BasinBoundaries_v4 INTERSECT temp_BasinSelectionSet # NEW_SELECTION BoundaryFiles\B118_BasinBoundaries_v4</Process><Process Name="Select Layer By Location" ToolSource="C:\Program Files\ArcGIS\ArcToolbox\Toolboxes\Data Management Tools.tbx\SelectLayerByLocation" Date="20120424" Time="152553">SelectLayerByLocation BoundaryFiles\B118_BasinBoundaries_v4 INTERSECT temp_BasinSelectionSet # NEW_SELECTION BoundaryFiles\B118_BasinBoundaries_v4</Process><Process Name="Select Layer By Location" ToolSource="C:\Program Files\ArcGIS\ArcToolbox\Toolboxes\Data Management Tools.tbx\SelectLayerByLocation" Date="20120424" Time="155209">SelectLayerByLocation BoundaryFiles\B118_BasinBoundaries_v4 INTERSECT temp_BasinSelectionSet # NEW_SELECTION BoundaryFiles\B118_BasinBoundaries_v4</Process><Process Name="Select Layer By Location" ToolSource="C:\Program Files\ArcGIS\ArcToolbox\Toolboxes\Data Management Tools.tbx\SelectLayerByLocation" Date="20120424" Time="160328">SelectLayerByLocation BoundaryFiles\B118_BasinBoundaries_v4 INTERSECT temp_BasinSelectionSet # NEW_SELECTION BoundaryFiles\B118_BasinBoundaries_v4</Process><Process Name="Select Layer By Location" ToolSource="C:\Program Files\ArcGIS\ArcToolbox\Toolboxes\Data Management Tools.tbx\SelectLayerByLocation" Date="20120424" Time="161648">SelectLayerByLocation BoundaryFiles\B118_BasinBoundaries_v4 INTERSECT temp_BasinSelectionSet # NEW_SELECTION BoundaryFiles\B118_BasinBoundaries_v4</Process><Process Name="Select Layer By Location" ToolSource="C:\Program Files\ArcGIS\ArcToolbox\Toolboxes\Data Management Tools.tbx\SelectLayerByLocation" Date="20120424" Time="164355">SelectLayerByLocation BoundaryFiles\B118_BasinBoundaries_v4 INTERSECT temp_BasinSelectionSet # NEW_SELECTION BoundaryFiles\B118_BasinBoundaries_v4</Process><Process Name="Select Layer By Location" ToolSource="C:\Program Files\ArcGIS\ArcToolbox\Toolboxes\Data Management Tools.tbx\SelectLayerByLocation" Date="20120425" Time="110421">SelectLayerByLocation BoundaryFiles\B118_BasinBoundaries_v4 INTERSECT temp_BasinSelectionSet # NEW_SELECTION BoundaryFiles\B118_BasinBoundaries_v4</Process><Process Name="Select Layer By Location" ToolSource="C:\Program Files\ArcGIS\ArcToolbox\Toolboxes\Data Management Tools.tbx\SelectLayerByLocation" Date="20120425" Time="112000">SelectLayerByLocation BoundaryFiles\B118_BasinBoundaries_v4 INTERSECT temp_BasinSelectionSet # NEW_SELECTION BoundaryFiles\B118_BasinBoundaries_v4</Process><Process Name="Select Layer By Location" ToolSource="C:\Program Files\ArcGIS\ArcToolbox\Toolboxes\Data Management Tools.tbx\SelectLayerByLocation" Date="20120425" Time="114112">SelectLayerByLocation BoundaryFiles\B118_BasinBoundaries_v4 INTERSECT temp_BasinSelectionSet # NEW_SELECTION BoundaryFiles\B118_BasinBoundaries_v4</Process><Process Name="Select Layer By Location" ToolSource="C:\Program Files\ArcGIS\ArcToolbox\Toolboxes\Data Management Tools.tbx\SelectLayerByLocation" Date="20120425" Time="114946">SelectLayerByLocation BoundaryFiles\B118_BasinBoundaries_v4 INTERSECT temp_BasinSelectionSet # NEW_SELECTION BoundaryFiles\B118_BasinBoundaries_v4</Process><Process Name="Select Layer By Location" ToolSource="C:\Program Files\ArcGIS\ArcToolbox\Toolboxes\Data Management Tools.tbx\SelectLayerByLocation" Date="20120425" Time="120159">SelectLayerByLocation BoundaryFiles\B118_BasinBoundaries_v4 INTERSECT temp_BasinSelectionSet # NEW_SELECTION BoundaryFiles\B118_BasinBoundaries_v4</Process><Process Name="Select Layer By Location" ToolSource="C:\Program Files\ArcGIS\ArcToolbox\Toolboxes\Data Management Tools.tbx\SelectLayerByLocation" Date="20120425" Time="121359">SelectLayerByLocation BoundaryFiles\B118_BasinBoundaries_v4 INTERSECT temp_BasinSelectionSet # NEW_SELECTION BoundaryFiles\B118_BasinBoundaries_v4</Process><Process Name="Select Layer By Location" ToolSource="C:\Program Files\ArcGIS\ArcToolbox\Toolboxes\Data Management Tools.tbx\SelectLayerByLocation" Date="20120425" Time="122437">SelectLayerByLocation BoundaryFiles\B118_BasinBoundaries_v4 INTERSECT temp_BasinSelectionSet # NEW_SELECTION BoundaryFiles\B118_BasinBoundaries_v4</Process><Process Name="Select Layer By Location" ToolSource="C:\Program Files\ArcGIS\ArcToolbox\Toolboxes\Data Management Tools.tbx\SelectLayerByLocation" Date="20120425" Time="134757">SelectLayerByLocation BoundaryFiles\B118_BasinBoundaries_v4 INTERSECT temp_BasinSelectionSet # NEW_SELECTION BoundaryFiles\B118_BasinBoundaries_v4</Process><Process Name="Select Layer By Location" ToolSource="C:\Program Files\ArcGIS\ArcToolbox\Toolboxes\Data Management Tools.tbx\SelectLayerByLocation" Date="20120425" Time="140815">SelectLayerByLocation BoundaryFiles\B118_BasinBoundaries_v4 INTERSECT temp_BasinSelectionSet # NEW_SELECTION BoundaryFiles\B118_BasinBoundaries_v4</Process><Process Name="Select Layer By Location" ToolSource="C:\Program Files\ArcGIS\ArcToolbox\Toolboxes\Data Management Tools.tbx\SelectLayerByLocation" Date="20120425" Time="142856">SelectLayerByLocation BoundaryFiles\B118_BasinBoundaries_v4 INTERSECT temp_BasinSelectionSet # NEW_SELECTION BoundaryFiles\B118_BasinBoundaries_v4</Process><Process Name="Select Layer By Location" ToolSource="C:\Program Files\ArcGIS\ArcToolbox\Toolboxes\Data Management Tools.tbx\SelectLayerByLocation" Date="20120425" Time="155831">SelectLayerByLocation BoundaryFiles\B118_BasinBoundaries_v4 INTERSECT temp_BasinSelectionSet # NEW_SELECTION BoundaryFiles\B118_BasinBoundaries_v4</Process><Process Name="Select Layer By Location" ToolSource="C:\Program Files\ArcGIS\ArcToolbox\Toolboxes\Data Management Tools.tbx\SelectLayerByLocation" Date="20120425" Time="163304">SelectLayerByLocation BoundaryFiles\B118_BasinBoundaries_v4 INTERSECT temp_BasinSelectionSet # NEW_SELECTION BoundaryFiles\B118_BasinBoundaries_v4</Process><Process Name="Select Layer By Location" ToolSource="C:\Program Files\ArcGIS\ArcToolbox\Toolboxes\Data Management Tools.tbx\SelectLayerByLocation" Date="20120425" Time="164134">SelectLayerByLocation BoundaryFiles\B118_BasinBoundaries_v4 INTERSECT temp_BasinSelectionSet # NEW_SELECTION BoundaryFiles\B118_BasinBoundaries_v4</Process><Process Name="Select Layer By Location" ToolSource="C:\Program Files\ArcGIS\ArcToolbox\Toolboxes\Data Management Tools.tbx\SelectLayerByLocation" Date="20120425" Time="165535">SelectLayerByLocation BoundaryFiles\B118_BasinBoundaries_v4 INTERSECT temp_BasinSelectionSet # NEW_SELECTION BoundaryFiles\B118_BasinBoundaries_v4</Process><Process Name="Select Layer By Location" ToolSource="C:\Program Files\ArcGIS\ArcToolbox\Toolboxes\Data Management Tools.tbx\SelectLayerByLocation" Date="20120425" Time="170647">SelectLayerByLocation BoundaryFiles\B118_BasinBoundaries_v4 INTERSECT temp_BasinSelectionSet # NEW_SELECTION BoundaryFiles\B118_BasinBoundaries_v4</Process><Process Name="Select Layer By Location" ToolSource="C:\Program Files\ArcGIS\ArcToolbox\Toolboxes\Data Management Tools.tbx\SelectLayerByLocation" Date="20120425" Time="191416">SelectLayerByLocation BoundaryFiles\B118_BasinBoundaries_v4 INTERSECT temp_BasinSelectionSet # NEW_SELECTION BoundaryFiles\B118_BasinBoundaries_v4</Process><Process Name="Select Layer By Location" ToolSource="C:\Program Files\ArcGIS\ArcToolbox\Toolboxes\Data Management Tools.tbx\SelectLayerByLocation" Date="20120426" Time="071703">SelectLayerByLocation BoundaryFiles\B118_BasinBoundaries_v4 INTERSECT temp_BasinSelectionSet # NEW_SELECTION BoundaryFiles\B118_BasinBoundaries_v4</Process><Process Name="Select Layer By Location" ToolSource="C:\Program Files\ArcGIS\ArcToolbox\Toolboxes\Data Management Tools.tbx\SelectLayerByLocation" Date="20120426" Time="074256">SelectLayerByLocation BoundaryFiles\B118_BasinBoundaries_v4 INTERSECT temp_BasinSelectionSet # NEW_SELECTION BoundaryFiles\B118_BasinBoundaries_v4</Process><Process Name="Select Layer By Location" ToolSource="C:\Program Files\ArcGIS\ArcToolbox\Toolboxes\Data Management Tools.tbx\SelectLayerByLocation" Date="20120426" Time="092925">SelectLayerByLocation BoundaryFiles\B118_BasinBoundaries_v4 INTERSECT temp_BasinSelectionSet # NEW_SELECTION BoundaryFiles\B118_BasinBoundaries_v4</Process><Process Name="Select Layer By Location" ToolSource="C:\Program Files\ArcGIS\ArcToolbox\Toolboxes\Data Management Tools.tbx\SelectLayerByLocation" Date="20120426" Time="103106">SelectLayerByLocation BoundaryFiles\B118_BasinBoundaries_v4 INTERSECT temp_BasinSelectionSet # NEW_SELECTION BoundaryFiles\B118_BasinBoundaries_v4</Process><Process Name="Select Layer By Location" ToolSource="C:\Program Files\ArcGIS\ArcToolbox\Toolboxes\Data Management Tools.tbx\SelectLayerByLocation" Date="20120426" Time="104913">SelectLayerByLocation BoundaryFiles\B118_BasinBoundaries_v4 INTERSECT temp_BasinSelectionSet # NEW_SELECTION BoundaryFiles\B118_BasinBoundaries_v4</Process><Process Name="Select Layer By Location" ToolSource="C:\Program Files\ArcGIS\ArcToolbox\Toolboxes\Data Management Tools.tbx\SelectLayerByLocation" Date="20120426" Time="110719">SelectLayerByLocation BoundaryFiles\B118_BasinBoundaries_v4 INTERSECT temp_BasinSelectionSet # NEW_SELECTION BoundaryFiles\B118_BasinBoundaries_v4</Process><Process Name="Select Layer By Location" ToolSource="C:\Program Files\ArcGIS\ArcToolbox\Toolboxes\Data Management Tools.tbx\SelectLayerByLocation" Date="20120426" Time="112021">SelectLayerByLocation BoundaryFiles\B118_BasinBoundaries_v4 INTERSECT temp_BasinSelectionSet # NEW_SELECTION BoundaryFiles\B118_BasinBoundaries_v4</Process><Process Name="Select Layer By Location" ToolSource="C:\Program Files\ArcGIS\ArcToolbox\Toolboxes\Data Management Tools.tbx\SelectLayerByLocation" Date="20120426" Time="114010">SelectLayerByLocation BoundaryFiles\B118_BasinBoundaries_v4 INTERSECT temp_BasinSelectionSet # NEW_SELECTION BoundaryFiles\B118_BasinBoundaries_v4</Process><Process Name="Select Layer By Location" ToolSource="C:\Program Files\ArcGIS\ArcToolbox\Toolboxes\Data Management Tools.tbx\SelectLayerByLocation" Date="20120426" Time="121021">SelectLayerByLocation BoundaryFiles\B118_BasinBoundaries_v4 INTERSECT temp_BasinSelectionSet # NEW_SELECTION BoundaryFiles\B118_BasinBoundaries_v4</Process><Process Name="Select Layer By Location" ToolSource="C:\Program Files\ArcGIS\ArcToolbox\Toolboxes\Data Management Tools.tbx\SelectLayerByLocation" Date="20120426" Time="122346">SelectLayerByLocation BoundaryFiles\B118_BasinBoundaries_v4 INTERSECT temp_BasinSelectionSet # NEW_SELECTION BoundaryFiles\B118_BasinBoundaries_v4</Process><Process Name="Select Layer By Location" ToolSource="C:\Program Files\ArcGIS\ArcToolbox\Toolboxes\Data Management Tools.tbx\SelectLayerByLocation" Date="20120426" Time="124423">SelectLayerByLocation BoundaryFiles\B118_BasinBoundaries_v4 INTERSECT temp_BasinSelectionSet # NEW_SELECTION BoundaryFiles\B118_BasinBoundaries_v4</Process><Process Name="Select Layer By Location" ToolSource="C:\Program Files\ArcGIS\ArcToolbox\Toolboxes\Data Management Tools.tbx\SelectLayerByLocation" Date="20120521" Time="154805">SelectLayerByLocation BoundaryFiles\B118_BasinBoundaries_v4 INTERSECT temp_BasinSelectionSet # NEW_SELECTION BoundaryFiles\B118_BasinBoundaries_v4</Process><Process Name="Select Layer By Location" ToolSource="C:\Program Files\ArcGIS\ArcToolbox\Toolboxes\Data Management Tools.tbx\SelectLayerByLocation" Date="20120521" Time="160406">SelectLayerByLocation BoundaryFiles\B118_BasinBoundaries_v4 INTERSECT temp_BasinSelectionSet # NEW_SELECTION BoundaryFiles\B118_BasinBoundaries_v4</Process><Process ToolSource="C:\Program Files (x86)\ArcGIS\Desktop10.0\ArcToolbox\Toolboxes\Data Management Tools.tbx\CalculateField" Date="20120529" Time="131841">CalculateField B118_BasinBoundaries_v41 ACRES 100400+103157.23 VB #</Process><Process ToolSource="c:\program files (x86)\arcgis\desktop10.0\ArcToolbox\Toolboxes\Conversion Tools.tbx\FeatureClassToFeatureClass" Date="20120529" Time="135809">FeatureClassToFeatureClass \\Pcdistfs1\cdgis\PROJECTS\GeologyGroundwaterInvestigations\GGI_B118\DATA_GIS\B118_Geodatabase.gdb\B118_BasinBoundaries_v41 \\Pcdistfs1\cdgis\PROJECTS\GeologyGroundwaterInvestigations\GGI_B118\DATA_GIS\B118_Geodatabase.gdb\B118_test_topology B118_BasinBoundaries_v41_test # "DWR_ "DWR_" true true false 12 Text 0 0 ,First,#,\\Pcdistfs1\cdgis\PROJECTS\GeologyGroundwaterInvestigations\GGI_B118\DATA_GIS\B118_Geodatabase.gdb\B118_BasinBoundaries_v41,DWR_,-1,-1;SUBBSN_ "SUBBSN_" true true false 12 Text 0 0 ,First,#,\\Pcdistfs1\cdgis\PROJECTS\GeologyGroundwaterInvestigations\GGI_B118\DATA_GIS\B118_Geodatabase.gdb\B118_BasinBoundaries_v41,SUBBSN_,-1,-1;BAS_SBBSN "BAS_SBBSN" true true false 254 Text 0 0 ,First,#,\\Pcdistfs1\cdgis\PROJECTS\GeologyGroundwaterInvestigations\GGI_B118\DATA_GIS\B118_Geodatabase.gdb\B118_BasinBoundaries_v41,BAS_SBBSN,-1,-1;GWBASIN "GWBASIN" true true false 40 Text 0 0 ,First,#,\\Pcdistfs1\cdgis\PROJECTS\GeologyGroundwaterInvestigations\GGI_B118\DATA_GIS\B118_Geodatabase.gdb\B118_BasinBoundaries_v41,GWBASIN,-1,-1;SUBNAME "SUBNAME" true true false 40 Text 0 0 ,First,#,\\Pcdistfs1\cdgis\PROJECTS\GeologyGroundwaterInvestigations\GGI_B118\DATA_GIS\B118_Geodatabase.gdb\B118_BasinBoundaries_v41,SUBNAME,-1,-1;ACRES "ACRES" true true false 8 Double 0 0 ,First,#,\\Pcdistfs1\cdgis\PROJECTS\GeologyGroundwaterInvestigations\GGI_B118\DATA_GIS\B118_Geodatabase.gdb\B118_BasinBoundaries_v41,ACRES,-1,-1;BUDGET_TYP "BUDGET_TYP" true true false 50 Text 0 0 ,First,#,\\Pcdistfs1\cdgis\PROJECTS\GeologyGroundwaterInvestigations\GGI_B118\DATA_GIS\B118_Geodatabase.gdb\B118_BasinBoundaries_v41,BUDGET_TYP,-1,-1;Regional_Office "Regional_Office" true true false 2 Short 0 0 ,First,#,\\Pcdistfs1\cdgis\PROJECTS\GeologyGroundwaterInvestigations\GGI_B118\DATA_GIS\B118_Geodatabase.gdb\B118_BasinBoundaries_v41,Regional_Office,-1,-1;Shape_Length "Shape_Length" false true true 8 Double 0 0 ,First,#,\\Pcdistfs1\cdgis\PROJECTS\GeologyGroundwaterInvestigations\GGI_B118\DATA_GIS\B118_Geodatabase.gdb\B118_BasinBoundaries_v41,Shape_Length,-1,-1;Shape_Area "Shape_Area" false true true 8 Double 0 0 ,First,#,\\Pcdistfs1\cdgis\PROJECTS\GeologyGroundwaterInvestigations\GGI_B118\DATA_GIS\B118_Geodatabase.gdb\B118_BasinBoundaries_v41,Shape_Area,-1,-1" #</Process><Process ToolSource="c:\program files (x86)\arcgis\desktop10.0\ArcToolbox\Toolboxes\Data Management Tools.tbx\Project" Date="20120614" Time="163213">Project C:\Users\bwyckoff\Documents\B118repojectionNad83\B118v41\B118_BasinBoundaries_v41.shp C:\Users\bwyckoff\Documents\ArcGIS\Default.gdb\B118_BasinBoundaries_v41_Pro GEOGCS['GCS_North_American_1983',DATUM['D_North_American_1983',SPHEROID['GRS_1980',6378137.0,298.257222101]],PRIMEM['Greenwich',0.0],UNIT['Degree',0.0174532925199433]] # PROJCS['NAD_1983_California_Teale_Albers',GEOGCS['GCS_North_American_1983',DATUM['D_North_American_1983',SPHEROID['GRS_1980',6378137.0,298.257222101]],PRIMEM['Greenwich',0.0],UNIT['Degree',0.0174532925199433]],PROJECTION['Albers'],PARAMETER['False_Easting',0.0],PARAMETER['False_Northing',-4000000.0],PARAMETER['Central_Meridian',-120.0],PARAMETER['Standard_Parallel_1',34.0],PARAMETER['Standard_Parallel_2',40.5],PARAMETER['Latitude_Of_Origin',0.0],UNIT['Meter',1.0]]</Process><Process ToolSource="c:\program files (x86)\arcgis\desktop10.1\ArcToolbox\Toolboxes\Analysis Tools.tbx\Clip" Date="20130607" Time="151315">Clip CaliforniaGWBasinsNAD83 Los_Angeles_County_NAD83Project W:\GIS\Shapefiles\LACountyGroundwaterBasins\BasinData_DWRBulletin118\GroundwaterBulletin_118_LACountyBasins.shp #</Process></lineage><itemProps><itemLocation><linkage Sync="TRUE">file://\\foxhound.ats.ucla.edu\IoE\GIS\Shapefiles\LACountyGroundwaterBasins\BasinData_DWRBulletin118\GroundwaterBulletin_118_LACountyBasins.shp</linkage><protocol Sync="TRUE">Local Area Network</protocol></itemLocation><itemName Sync="TRUE">GroundwaterBulletin_118_LACountyBasins</itemName><imsContentType Sync="TRUE">002</imsContentType><itemSize Sync="TRUE">0.000</itemSize></itemProps><coordRef><type Sync="TRUE">Geographic</type><geogcsn Sync="TRUE">GCS_North_American_1983</geogcsn><csUnits Sync="TRUE">Angular Unit: Degree (0.017453)</csUnits><peXml Sync="TRUE">&lt;GeographicCoordinateSystem xsi:type='typens:GeographicCoordinateSystem' xmlns:xsi='http://www.w3.org/2001/XMLSchema-instance' xmlns:xs='http://www.w3.org/2001/XMLSchema' xmlns:typens='http://www.esri.com/schemas/ArcGIS/10.1'&gt;&lt;WKT&gt;GEOGCS[&amp;quot;GCS_North_American_1983&amp;quot;,DATUM[&amp;quot;D_North_American_1983&amp;quot;,SPHEROID[&amp;quot;GRS_1980&amp;quot;,6378137.0,298.257222101]],PRIMEM[&amp;quot;Greenwich&amp;quot;,0.0],UNIT[&amp;quot;Degree&amp;quot;,0.0174532925199433],METADATA[&amp;quot;North America - NAD83&amp;quot;,167.65,14.93,-47.74,86.45,0.0,0.0174532925199433,0.0,1350],AUTHORITY[&amp;quot;EPSG&amp;quot;,4269]]&lt;/WKT&gt;&lt;XOrigin&gt;-400&lt;/XOrigin&gt;&lt;YOrigin&gt;-400&lt;/YOrigin&gt;&lt;XYScale&gt;11258999068426.238&lt;/XYScale&gt;&lt;ZOrigin&gt;-100000&lt;/ZOrigin&gt;&lt;ZScale&gt;10000&lt;/ZScale&gt;&lt;MOrigin&gt;-100000&lt;/MOrigin&gt;&lt;MScale&gt;10000&lt;/MScale&gt;&lt;XYTolerance&gt;8.9831528411952133e-009&lt;/XYTolerance&gt;&lt;ZTolerance&gt;0.001&lt;/ZTolerance&gt;&lt;MTolerance&gt;0.001&lt;/MTolerance&gt;&lt;HighPrecision&gt;true&lt;/HighPrecision&gt;&lt;LeftLongitude&gt;-180&lt;/LeftLongitude&gt;&lt;WKID&gt;4269&lt;/WKID&gt;&lt;LatestWKID&gt;4269&lt;/LatestWKID&gt;&lt;/GeographicCoordinateSystem&gt;</peXml></coordRef></DataProperties><SyncDate>20130607</SyncDate><SyncTime>15131400</SyncTime><ModDate>20130607</ModDate><ModTime>15131400</ModTime><ArcGISFormat>1.0</ArcGISFormat></Esri><idinfo><citation><citeinfo><onlink Sync="TRUE">\\pcdistfs1\cdgis\PROJECTS\GeologyGroundwaterInvestigations\GGI_B118\DATA_GIS\B118_Geodatabase.gdb</onlink><origin>REQUIRED: The name of an organization or individual that developed the data set.</origin><pubdate>REQUIRED: The date when the data set is published or otherwise made available for release.</pubdate><title Sync="TRUE">B118_BasinBoundaries_v4</title><ftname Sync="TRUE">B118_BasinBoundaries_v4</ftname><geoform Sync="TRUE">vector digital data</geoform></citeinfo></citation><native Sync="TRUE">Microsoft Windows XP Version 5.1 (Build 2600) Service Pack 3; ESRI ArcCatalog 9.3.1.3500</native><descript><langdata Sync="TRUE">en</langdata><abstract>20101209 - Metadata update
B118_v3_BasinBoundaries_NAD83_unprojected file was developed from B118v3NAD27UTM10 (dated 15-September-2006) which had a UTM 10 NAD 27 projection.  The new file projection is defined as Latitude/Longitude NAD 83 and was converted using ESRI's Project tool in a two step process.  Set one changed the Datum from NAD27 to NAD 83.  The second step was to re-project the file from Universal Transverse Mercator 10 to Lat/Long Geographic projection for the use of CASGEM.
Work completed by:
Brett Wyckoff
Senior Engineering Geologist
Division of Integrated Regional Water Management


REQUIRED: A brief narrative summary of the data set.</abstract><purpose>REQUIRED: A summary of the intentions with which the data set was developed.</purpose></descript><timeperd><current>REQUIRED: The basis on which the time period of content information is determined.</current><timeinfo><sngdate><caldate>REQUIRED: The year (and optionally month, or month and day) for which the data set corresponds to the ground.</caldate></sngdate></timeinfo></timeperd><status><progress>REQUIRED: The state of the data set.</progress><update>REQUIRED: The frequency with which changes and additions are made to the data set after the initial data set is completed.</update></status><spdom><bounding><westbc Sync="TRUE">-124.358559</westbc><eastbc Sync="TRUE">-114.225818</eastbc><northbc Sync="TRUE">42.003788</northbc><southbc Sync="TRUE">32.534028</southbc></bounding><lboundng><leftbc Sync="TRUE">-124.358559</leftbc><rightbc Sync="TRUE">-114.225818</rightbc><bottombc Sync="TRUE">32.534028</bottombc><topbc Sync="TRUE">42.003788</topbc></lboundng></spdom><keywords><theme><themekt>REQUIRED: Reference to a formally registered thesaurus or a similar authoritative source of theme keywords.</themekt><themekey>REQUIRED: Common-use word or phrase used to describe the subject of the data set.</themekey></theme></keywords><accconst>REQUIRED: Restrictions and legal prerequisites for accessing the data set.</accconst><useconst>REQUIRED: Restrictions and legal prerequisites for using the data set after access is granted.</useconst><natvform Sync="TRUE">File Geodatabase Feature Class</natvform></idinfo><distInfo><distributor><distorTran><onLineSrc><linkage Sync="TRUE">file://\\pcdistfs1\cdgis\PROJECTS\GeologyGroundwaterInvestigations\GGI_B118\DATA_GIS\B118_Geodatabase.gdb</linkage><protocol Sync="TRUE">Local Area Network</protocol><orDesc Sync="TRUE">002</orDesc></onLineSrc><transSize Sync="TRUE">4.873</transSize></distorTran><distorFormat><formatName Sync="TRUE">File Geodatabase Feature Class</formatName></distorFormat></distributor><distFormat><formatName Sync="TRUE">Shapefile</formatName></distFormat><distTranOps><transSize Sync="TRUE">0.000</transSize></distTranOps></distInfo><dataqual><lineage><procstep><procdesc Sync="TRUE">Dataset copied.</procdesc><procdate Sync="TRUE">20101208</procdate><proctime Sync="TRUE">15163000</proctime></procstep><procstep><procdesc Sync="TRUE">Dataset copied.</procdesc><srcused Sync="TRUE"></srcused><procdate Sync="TRUE">20110119</procdate><proctime Sync="TRUE">09322000</proctime></procstep><procstep><procdesc Sync="TRUE">Dataset copied.</procdesc><srcused Sync="TRUE">\\Pcdistfs1\cdgis\PROJECTS\GeologyGroundwaterInvestigations\GGI_B118\DATA_GIS\B118_Geodatabase.gdb</srcused><procdate Sync="TRUE">20110119</procdate><proctime Sync="TRUE">17393000</proctime></procstep><procstep><procdesc Sync="TRUE">Dataset copied.</procdesc><srcused Sync="TRUE">\\Pcdistfs1\cdgis\PROJECTS\GeologyGroundwaterInvestigations\GGI_B118\DATA_GIS\B118_Geodatabase.gdb</srcused><procdate Sync="TRUE">20110201</procdate><proctime Sync="TRUE">11314100</proctime></procstep><procstep><procdesc Sync="TRUE">Dataset copied.</procdesc><srcused Sync="TRUE">\\Pcdistfs1\cdgis\PROJECTS\GeologyGroundwaterInvestigations\GGI_B118\DATA_GIS\B118_Geodatabase.gdb</srcused><procdate Sync="TRUE">20110201</procdate><proctime Sync="TRUE">12105400</proctime></procstep><procstep><procdesc Sync="TRUE">Dataset copied.</procdesc><srcused Sync="TRUE">\\Pcdistfs1\cdgis\PROJECTS\GeologyGroundwaterInvestigations\GGI_B118\DATA_GIS\B118_Geodatabase.gdb</srcused><procdate Sync="TRUE">20110202</procdate><proctime Sync="TRUE">14293000</proctime></procstep><procstep><procdesc Sync="TRUE">Dataset copied.</procdesc><srcused Sync="TRUE">\\Pcdistfs1\cdgis\PROJECTS\GeologyGroundwaterInvestigations\B118_SHARE\DATA_GIS\B118_Geodatabase.gdb</srcused><procdate Sync="TRUE">20110217</procdate><proctime Sync="TRUE">10100800</proctime></procstep><procstep><procdesc Sync="TRUE">Dataset copied.</procdesc><srcused Sync="TRUE">\\pcdistfs1\cdgis\PROJECTS\GeologyGroundwaterInvestigations\B118_SHARE\DATA_GIS\B118_Geodatabase.gdb</srcused><procdate Sync="TRUE">20110823</procdate><proctime Sync="TRUE">13421300</proctime></procstep></lineage></dataqual><dataIdInfo><envirDesc Sync="TRUE">Microsoft Windows 7 Version 6.1 (Build 7601) Service Pack 1; Esri ArcGIS 10.1.1.3143</envirDesc><dataLang><languageCode Sync="TRUE" value="eng"></languageCode><countryCode value="USA" Sync="TRUE"></countryCode></dataLang><idCitation><resTitle Sync="TRUE">GroundwaterBulletin_118_LACountyBasins</resTitle><presForm><PresFormCd Sync="TRUE" value="005"></PresFormCd></presForm></idCitation><spatRpType><SpatRepTypCd Sync="TRUE" value="001"></SpatRepTypCd></spatRpType><dataExt><geoEle><GeoBndBox esriExtentType="native"><westBL Sync="TRUE">-124.358559</westBL><eastBL Sync="TRUE">-114.225818</eastBL><northBL Sync="TRUE">42.003788</northBL><southBL Sync="TRUE">32.534028</southBL><exTypeCode Sync="TRUE">1</exTypeCode></GeoBndBox></geoEle></dataExt><geoBox esriExtentType="decdegrees"><westBL Sync="TRUE">-124.358559</westBL><eastBL Sync="TRUE">-114.225818</eastBL><northBL Sync="TRUE">42.003788</northBL><southBL Sync="TRUE">32.534028</southBL><exTypeCode Sync="TRUE">1</exTypeCode></geoBox></dataIdInfo><metainfo><langmeta Sync="TRUE">en</langmeta><metstdn Sync="TRUE">FGDC Content Standards for Digital Geospatial Metadata</metstdn><metstdv Sync="TRUE">FGDC-STD-001-1998</metstdv><mettc Sync="TRUE">local time</mettc><metc><cntinfo><cntorgp><cntper>REQUIRED: The person responsible for the metadata information.</cntper><cntorg>REQUIRED: The organization responsible for the metadata information.</cntorg></cntorgp><cntaddr><addrtype>REQUIRED: The mailing and/or physical address for the organization or individual.</addrtype><city>REQUIRED: The city of the address.</city><state>REQUIRED: The state or province of the address.</state><postal>REQUIRED: The ZIP or other postal code of the address.</postal></cntaddr><cntvoice>REQUIRED: The telephone number by which individuals can speak to the organization or individual.</cntvoice></cntinfo></metc><metd Sync="TRUE">20110217</metd></metainfo><mdLang><languageCode Sync="TRUE" value="eng"></languageCode><countryCode value="USA" Sync="TRUE"></countryCode></mdLang><mdStanName Sync="TRUE">ISO 19115 Geographic Information - Metadata</mdStanName><mdStanVer Sync="TRUE">DIS_ESRI1.0</mdStanVer><mdChar><CharSetCd Sync="TRUE" value="004"></CharSetCd></mdChar><mdHrLv><ScopeCd Sync="TRUE" value="005"></ScopeCd></mdHrLv><mdHrLvName Sync="TRUE">dataset</mdHrLvName><distinfo><resdesc Sync="TRUE">Downloadable Data</resdesc><stdorder><digform><digtinfo><transize Sync="TRUE">4.873</transize><dssize Sync="TRUE">4.873</dssize></digtinfo></digform></stdorder></distinfo><spdoinfo><direct Sync="TRUE">Vector</direct><ptvctinf><esriterm Name="GroundwaterBulletin_118_LACountyBasins"><efeatyp Sync="TRUE">Simple</efeatyp><efeageom code="4" Sync="TRUE"></efeageom><esritopo Sync="TRUE">FALSE</esritopo><efeacnt Sync="TRUE">0</efeacnt><spindex Sync="TRUE">FALSE</spindex><linrefer Sync="TRUE">FALSE</linrefer></esriterm></ptvctinf></spdoinfo><spref><horizsys><cordsysn><geogcsn Sync="TRUE">GCS_North_American_1983</geogcsn></cordsysn><geodetic><horizdn Sync="TRUE">North American Datum of 1983</horizdn><ellips Sync="TRUE">Geodetic Reference System 80</ellips><semiaxis Sync="TRUE">6378137.000000</semiaxis><denflat Sync="TRUE">298.257222</denflat></geodetic></horizsys><vertdef><altsys><altenc Sync="TRUE">Explicit elevation coordinate included with horizontal coordinates</altenc><altres Sync="TRUE">0.000100</altres></altsys></vertdef></spref><refSysInfo><RefSystem><refSysID><identCode Sync="TRUE" value="3310" code="4269">GCS_North_American_1983</identCode><idCodeSpace Sync="TRUE">EPSG</idCodeSpace><idVersion Sync="TRUE">7.11.2</idVersion></refSysID></RefSystem></refSysInfo><spatRepInfo><VectSpatRep><geometObjs Name="GroundwaterBulletin_118_LACountyBasins"><geoObjTyp><GeoObjTypCd value="002" Sync="TRUE"></GeoObjTypCd></geoObjTyp><geoObjCnt Sync="TRUE">0</geoObjCnt></geometObjs><topLvl><TopoLevCd value="001" Sync="TRUE"></TopoLevCd></topLvl></VectSpatRep></spatRepInfo><eainfo><detailed Name="GroundwaterBulletin_118_LACountyBasins"><enttyp><enttypl Sync="TRUE">GroundwaterBulletin_118_LACountyBasins</enttypl><enttypt Sync="TRUE">Feature Class</enttypt><enttypc Sync="TRUE">0</enttypc></enttyp><attr><attrlabl Sync="TRUE">OBJECTID</attrlabl><attalias Sync="TRUE">OBJECTID</attalias><attrtype Sync="TRUE">Integer</attrtype><attwidth Sync="TRUE">9</attwidth><atprecis Sync="TRUE">9</atprecis><attscale Sync="TRUE">0</attscale><attrdef Sync="TRUE">Internal feature number.</attrdef><attrdefs Sync="TRUE">ESRI</attrdefs><attrdomv><udom Sync="TRUE">Sequential unique whole numbers that are automatically generated.</udom></attrdomv></attr><attr><attrlabl Sync="TRUE">Shape</attrlabl><attalias Sync="TRUE">Shape</attalias><attrtype Sync="TRUE">Geometry</attrtype><attwidth Sync="TRUE">0</attwidth><atprecis Sync="TRUE">0</atprecis><attscale Sync="TRUE">0</attscale><attrdef Sync="TRUE">Feature geometry.</attrdef><attrdefs Sync="TRUE">ESRI</attrdefs><attrdomv><udom Sync="TRUE">Coordinates defining the features.</udom></attrdomv></attr><attr><attrlabl Sync="TRUE">DWR_</attrlabl><attalias Sync="TRUE">DWR_</attalias><attrtype Sync="TRUE">String</attrtype><attwidth Sync="TRUE">12</attwidth><atprecis Sync="TRUE">0</atprecis><attscale Sync="TRUE">0</attscale></attr><attr><attrlabl Sync="TRUE">SUBBSN_</attrlabl><attalias Sync="TRUE">SUBBSN_</attalias><attrtype Sync="TRUE">String</attrtype><attwidth Sync="TRUE">12</attwidth><atprecis Sync="TRUE">0</atprecis><attscale Sync="TRUE">0</attscale></attr><attr><attrlabl Sync="TRUE">BAS_SBBSN</attrlabl><attalias Sync="TRUE">BAS_SBBSN</attalias><attrtype Sync="TRUE">String</attrtype><attwidth Sync="TRUE">254</attwidth><atprecis Sync="TRUE">0</atprecis><attscale Sync="TRUE">0</attscale></attr><attr><attrlabl Sync="TRUE">FID</attrlabl><attalias Sync="TRUE">FID</attalias><attrtype Sync="TRUE">OID</attrtype><attwidth Sync="TRUE">4</attwidth><atprecis Sync="TRUE">0</atprecis><attscale Sync="TRUE">0</attscale><attrdef Sync="TRUE">Internal feature number.</attrdef><attrdefs Sync="TRUE">Esri</attrdefs><attrdomv><udom Sync="TRUE">Sequential unique whole numbers that are automatically generated.</udom></attrdomv></attr><attr><attrlabl Sync="TRUE">GWBASIN</attrlabl><attalias Sync="TRUE">GWBASIN</attalias><attrtype Sync="TRUE">String</attrtype><attwidth Sync="TRUE">40</attwidth><atprecis Sync="TRUE">0</atprecis><attscale Sync="TRUE">0</attscale></attr><attr><attrlabl Sync="TRUE">OBJECTID_1</attrlabl><attalias Sync="TRUE">OBJECTID_1</attalias><attrtype Sync="TRUE">Integer</attrtype><attwidth Sync="TRUE">9</attwidth><atprecis Sync="TRUE">9</atprecis><attscale Sync="TRUE">0</attscale></attr><attr><attrlabl Sync="TRUE">SUBNAME</attrlabl><attalias Sync="TRUE">SUBNAME</attalias><attrtype Sync="TRUE">String</attrtype><attwidth Sync="TRUE">40</attwidth><atprecis Sync="TRUE">0</atprecis><attscale Sync="TRUE">0</attscale></attr><attr><attrlabl Sync="TRUE">ACRES</attrlabl><attalias Sync="TRUE">ACRES</attalias><attrtype Sync="TRUE">Double</attrtype><attwidth Sync="TRUE">19</attwidth><atprecis Sync="TRUE">0</atprecis><attscale Sync="TRUE">0</attscale></attr><attr><attrlabl Sync="TRUE">BUDGET_TYP</attrlabl><attalias Sync="TRUE">BUDGET_TYP</attalias><attrtype Sync="TRUE">String</attrtype><attwidth Sync="TRUE">50</attwidth><atprecis Sync="TRUE">0</atprecis><attscale Sync="TRUE">0</attscale></attr><attr><attrlabl Sync="TRUE">Shape_Area</attrlabl><attalias Sync="TRUE">Shape_Area</attalias><attrtype Sync="TRUE">Double</attrtype><attwidth Sync="TRUE">19</attwidth><atprecis Sync="TRUE">0</atprecis><attscale Sync="TRUE">0</attscale><attrdef Sync="TRUE">Area of feature in internal units squared.</attrdef><attrdefs Sync="TRUE">ESRI</attrdefs><attrdomv><udom Sync="TRUE">Positive real numbers that are automatically generated.</udom></attrdomv></attr><subtype><stname Sync="TRUE">Northern Region</stname><stcode Sync="TRUE">1</stcode><stfield><stfldnm Sync="TRUE">Regional_Office</stfldnm><stflddv Sync="TRUE">1</stflddv></stfield></subtype><subtype><stname Sync="TRUE">North Central Region</stname><stcode Sync="TRUE">2</stcode><stfield><stfldnm Sync="TRUE">Regional_Office</stfldnm><stflddv Sync="TRUE">1</stflddv></stfield></subtype><subtype><stname Sync="TRUE">South Central Region</stname><stcode Sync="TRUE">3</stcode><stfield><stfldnm Sync="TRUE">Regional_Office</stfldnm><stflddv Sync="TRUE">1</stflddv></stfield></subtype><subtype><stname Sync="TRUE">Southern Region</stname><stcode Sync="TRUE">4</stcode><stfield><stfldnm Sync="TRUE">Regional_Office</stfldnm><stflddv Sync="TRUE">1</stflddv></stfield></subtype><attr><attrlabl Sync="TRUE">Regional_O</attrlabl><attalias Sync="TRUE">Regional_O</attalias><attrtype Sync="TRUE">SmallInteger</attrtype><attwidth Sync="TRUE">4</attwidth><atprecis Sync="TRUE">4</atprecis><attscale Sync="TRUE">0</attscale></attr><attr><attrlabl Sync="TRUE">Shape_Leng</attrlabl><attalias Sync="TRUE">Shape_Leng</attalias><attrtype Sync="TRUE">Double</attrtype><attwidth Sync="TRUE">19</attwidth><atprecis Sync="TRUE">0</atprecis><attscale Sync="TRUE">0</attscale></attr><attr><attrlabl Sync="TRUE">Shape_Le_1</attrlabl><attalias Sync="TRUE">Shape_Le_1</attalias><attrtype Sync="TRUE">Double</attrtype><attwidth Sync="TRUE">19</attwidth><atprecis Sync="TRUE">0</atprecis><attscale Sync="TRUE">0</attscale></attr><subtype><stname Sync="TRUE">SPLIT</stname><stcode Sync="TRUE">5</stcode><stfield><stfldnm Sync="TRUE">Regional_Office</stfldnm><stflddv Sync="TRUE">1</stflddv></stfield></subtype></detailed></eainfo><mdDateSt Sync="TRUE">20130607</mdDateSt></metadata>
